{
    "loss": 0.490191787481308,
    "accuracy": 0.8879310488700867
}